{"train_loss":0.021663820504097965,"train_accuracy":0.9949,"val_accuracy":0.7017,"_timestamp":1.7468054702405477e+09,"_wandb":{"runtime":2842},"_runtime":2825.0269482,"_step":95,"epoch":96}