{"train_loss":0.03477341966317035,"train_accuracy":0.98895,"_wandb":{"runtime":911},"val_accuracy":0.7049,"_timestamp":1.746800113647632e+09,"_runtime":895.1935907,"_step":27,"epoch":28}