{"_runtime":1207.1293769,"_step":33,"epoch":34,"_wandb":{"runtime":1234},"train_loss":0.03460460516936146,"train_accuracy":0.988825,"val_accuracy":0.6868,"_timestamp":1.7468013765743914e+09}