{"_runtime":907.7550107,"test_acc":0.8075,"_timestamp":1.7468089581545708e+09,"loss":0.6306517448806763,"train_acc":0.78368,"lr":0.0005,"_step":19,"epoch":20,"_wandb":{"runtime":907}}