{"_runtime":395.8760618,"_step":11,"epoch":12,"train_loss":0.06762447994425892,"train_accuracy":0.977275,"_wandb":{"runtime":421},"val_accuracy":0.6943,"_timestamp":1.7468025506874578e+09}